{"p_value": 2.4993445749300595e-239, "mean_us": 2.373853023772237, "mean_eu": 2.0289935583516163, "r2": 6.691734476116373e-05, "total_records": 40588}